reservation_id,probabilite_annulation,reservation_annulee
R002267,0.1845711112489755,0
R002852,0.22487836728728172,0
R003752,0.4511703043575413,1
R009926,0.2954402851503472,1
R000141,0.1643138644745919,0
R004537,0.24165725051506295,1
R004983,0.18286547978609935,0
R005365,0.22766092365216728,0
R006971,0.4374892839422646,1
R008403,0.1676311006375068,0
R008416,0.7879945765712916,1
R009595,0.1967474950785945,0
R009766,0.76899361628663,1
R000233,0.17752749445220814,0
R000625,0.4317862548231895,1
R002042,0.36045362016873983,1
R003015,0.21043576058979668,0
R003117,0.10360059675863145,0
R003148,0.22323522531597367,0
R003676,0.03474639603648772,0
R006636,0.22140632671788357,0
R008171,0.08239671979599562,0
R002243,0.1514551681455576,0
R002302,0.3392657379593574,1
R002359,0.25818679988016363,1
R002654,0.03401698213144104,0
R003221,0.17614908289426084,0
R003380,0.27652944076500247,1
R004049,0.28631812041245935,1
R008147,0.39078979988249885,1
R009760,0.20306052883665612,0
R000979,0.2976059606070112,1
R003368,0.21516937372607473,0
R009905,0.6077037538123649,1
R002964,0.15833394459340056,0
R003403,0.3607844713654918,1
R003712,0.19563772372769725,0
R004881,0.25371401952411177,1
R006924,0.03378602465898192,0
R008031,0.0752070630679511,0
R009437,0.20499821761224474,0
R000644,0.3996819402169836,1
R002676,0.12995420089832802,0
R003419,0.03654774444361518,0
R005008,0.20850555179741195,0
R005401,0.17138764503076312,0
R005804,0.27467065160701304,1
R007627,0.05716386100316875,0
R007851,0.290103614162735,1
R000525,0.3612521021374889,1
R002285,0.48241172844299895,1
R003011,0.22769220296173226,0
R004110,0.10232241998710438,0
R004282,0.09077487986495418,0
R004532,0.2601094304341393,1
R004992,0.04876757380847067,0
R009219,0.1974964998654865,0
R009479,0.03830964619600531,0
R009731,0.2563458072514948,1
R003408,0.10128459056795144,0
R004766,0.21349434970974202,0
R005476,0.0841746107898945,0
R009380,0.3086525657764322,1
R000792,0.016945957156707905,0
R001704,0.4617696214819798,1
R004631,0.18001751176375425,0
R005547,0.09100927335037301,0
R006305,0.1230398644455839,0
R008428,0.3296841977538229,1
R009641,0.10429960845961243,0
R000736,0.04855417337243776,0
R001176,0.4006669106311855,1
R002092,0.31384529338550127,1
R005356,0.38135302454200165,1
R007599,0.2971025665104067,1
R007696,0.1276083869461727,0
R007792,0.42245865133084104,1
R007832,0.29187718659225825,1
R008743,0.12154927455237907,0
R009077,0.07284178007422785,0
R009886,0.2753775339362029,1
R000268,0.26596487097517035,1
R004304,0.3514436323202624,1
R004455,0.27169707234122764,1
R005150,0.09045190490523751,0
R007424,0.10905178928608876,0
R004557,0.2728562018702569,1
R007129,0.25532043176427344,1
R007311,0.30956119801285,1
R008725,0.17129520692727482,0
R008814,0.37443130250510964,1
R009426,0.2433747876271574,1
R000064,0.11268741787663378,0
R001270,0.1584458612825571,0
R002221,0.15578437568366257,0
R003274,0.3113146034004434,1
R007834,0.025535437788177105,0
R007847,0.3146800068431195,1
R008511,0.03520516508749146,0
R009727,0.08313549433298348,0
R001899,0.6259741488424619,1
R003259,0.15103937723906907,0
R003570,0.11104026393259774,0
R003800,0.2638134415978967,1
R005121,0.48737540266504453,1
R006029,0.3084745259832185,1
R006602,0.1251918441024421,0
R007495,0.16019140878495877,0
R009482,0.05692421068051333,0
R009883,0.33655368054812057,1
R001083,0.4142964918777101,1
R002503,0.10776319848855563,0
R002530,0.1825934942948894,0
R002531,0.040740268352082575,0
R004210,0.38496503651284464,1
R005248,0.38761430665145513,1
R006536,0.348977222313783,1
R006819,0.04237462175783057,0
R008672,0.5192920481322187,1
R009043,0.14670337355571886,0
R009454,0.29188734424259116,1
R000662,0.37109357712687885,1
R002687,0.020613657027109888,0
R002940,0.5790588215734289,1
R003028,0.31651745874472864,1
R003673,0.3946607623915658,1
R005329,0.2383935200323305,1
R005607,0.42772978921915134,1
R001350,0.18759982819086418,0
R002425,0.2698520631924837,1
R002490,0.3027504673746721,1
R003061,0.03518998804256248,0
R003184,0.5727872565941017,1
R003367,0.053925946869644685,0
R003580,0.0986888839042597,0
R005333,0.38389646441635517,1
R006410,0.30956520200752774,1
R006745,0.4826044850681496,1
R008301,0.1529530251212565,0
R009668,0.15271726403667404,0
R001885,0.11370883715774105,0
R003843,0.339148015999327,1
R006975,0.22709237022632006,0
R007622,0.3829467652732778,1
R008314,0.16879036854134294,0
R000576,0.3865470322449912,1
R000643,0.6065184194846613,1
R001751,0.12224230293716501,0
R002644,0.054079266751886824,0
R002915,0.12997965508095038,0
R004055,0.3010844135404427,1
R004080,0.11802043875686255,0
R004396,0.017426843602816183,0
R004487,0.15452527155054732,0
R004764,0.44666806117053803,1
R009236,0.08855800309953651,0
R009248,0.12825278763333697,0
R000868,0.031053154286482813,0
R001921,0.3345175925004805,1
R001980,0.13610494004239249,0
R003255,0.03848479242254146,0
R003352,0.53629841471938,1
R004781,0.16138399664012265,0
R005451,0.3711957326388675,1
R008598,0.40595723820151436,1
R009008,0.3504493226418513,1
R009902,0.06462221383387176,0
R000840,0.013171422552677078,0
R004985,0.1848794261817158,0
R006216,0.3205946761893406,1
R006436,0.38194889049518443,1
R006517,0.2746216572110139,1
R007029,0.05683161452509188,0
R008694,0.3528914087224113,1
R009709,0.41941965665944436,1
R000053,0.09363178362138941,0
R001524,0.2450240863080318,1
R002217,0.05239022106682918,0
R003284,0.12246060899013361,0
R004852,0.15288824198462528,0
R006952,0.47491641804677787,1
R008413,0.10445910658026812,0
R009491,0.12225617653940213,0
R009891,0.10066322145572487,0
R000075,0.09444400458399359,0
R001443,0.20199790271693938,0
R001716,0.06079374785386141,0
R002219,0.02924738162767096,0
R003736,0.31181956338486083,1
R004279,0.47793408820351924,1
R005263,0.5524152725515937,1
R005940,0.3874321251426139,1
R006181,0.10133857504338088,0
R006240,0.4397587503406619,1
R006655,0.3189620587559081,1
R006996,0.3917981141002366,1
R007158,0.09221234864540184,0
R008257,0.06611726317869734,0
R001596,0.4044484436202779,1
R001679,0.09010290768164016,0
R003841,0.2512399171034326,1
R006340,0.29106837926188817,1
R007191,0.10957998883408525,0
R007815,0.20521855805647918,0
R008658,0.36094374209188684,1
R009907,0.35892053278709835,1
R009942,0.11601727058436849,0
R000237,0.09544674087943968,0
R000785,0.34361549541630565,1
R001208,0.3912669232041788,1
R001392,0.18247112794538684,0
R002478,0.09280291447030288,0
R003276,0.21471936641973727,0
R006442,0.10369583429689481,0
R007884,0.04308951933842284,0
R001513,0.10719020531308324,0
R002750,0.24739811133593806,1
R004480,0.21062542365742484,0
R004553,0.031981474429009574,0
R004966,0.1719262309025357,0
R005428,0.3775931903855318,1
R005716,0.3751359271070962,1
R006689,0.1613862046945908,0
R000301,0.3474484309340556,1
R001480,0.039551835582672196,0
R002874,0.2126835821998504,0
R002886,0.10631990281608718,0
R004994,0.3949835166141158,1
R006983,0.38734782158236747,1
R007743,0.19999238155255564,0
R008452,0.2601096960894909,1
R000114,0.04359866294436588,0
R003883,0.05663715418792909,0
R004393,0.4655410685653042,1
R004428,0.2779284840795172,1
R000405,0.3028704690175946,1
R001500,0.22483231319219066,0
R004001,0.27035686130511155,1
R004775,0.10630658027270698,0
R004956,0.00987543198551256,0
R006185,0.42859556043366587,1
R007996,0.23525978094150252,1
R008152,0.8024312129117852,1
R000292,0.4105960175471948,1
R001776,0.18164579028575265,0
R003776,0.48378213425377503,1
R004267,0.18764608636265673,0
R004402,0.13909159123070033,0
R004464,0.04177238912437858,0
R004736,0.12778938647524588,0
R005907,0.10833269614949098,0
R007594,0.4047293616014805,1
R007849,0.3625682209591189,1
R008701,0.3979060975827224,1
R000189,0.2581536880129038,1
R002993,0.10276000910722079,0
R004807,0.21743427351483835,0
R005911,0.09804491565787568,0
R006087,0.11635365444695112,0
R007408,0.06816378032072297,0
R007650,0.19017566405065697,0
R007983,0.17843537661758826,0
R009958,0.3128023279445221,1
R001614,0.09364186868276508,0
R002724,0.2341040740975035,1
R005149,0.10514594864065982,0
R006102,0.15479430801240576,0
R006813,0.39018677065767376,1
R008040,0.2515340653740446,1
R009103,0.24502283569606637,1
R009992,0.4298188746951171,1
R003647,0.09194189041535636,0
R006561,0.09679642769080041,0
R007852,0.02298326219669484,0
R007868,0.18462362035967297,0
R008491,0.25797936314397124,1
R008492,0.11904888568192105,0
R009222,0.16281723599950712,0
R001695,0.3771222827761172,1
R003579,0.3048130848283841,1
R004262,0.023199545059205306,0
R007818,0.7121188257924896,1
R008813,0.18786683409376898,0
R008825,0.1517608704162167,0
R008985,0.30949173144866926,1
R000288,0.15608348771226843,0
R000439,0.0597320652997968,0
R001522,0.15926722447787886,0
R003381,0.02635017194155909,0
R004522,0.15463159665186077,0
R009508,0.03293061026336681,0
R000853,0.29987984787084027,1
R001002,0.19544918130638556,0
R002642,0.27036303766876213,1
R006706,0.1649738232937821,0
R006959,0.03660679290211756,0
R009334,0.19020424620913887,0
R009553,0.24217270187007922,1
R000134,0.29909872751768257,1
R000854,0.02671802326372612,0
R001803,0.26621759227288355,1
R003302,0.2389264046705531,1
R005425,0.25287319814206044,1
R005552,0.21199999795227994,0
R008114,0.43994248850885714,1
R009787,0.34881209017045717,1
R009836,0.3114039112698443,1
R009889,0.2790376855315689,1
R009896,0.3784647343913007,1
R001429,0.301129453371743,1
R004718,0.11039855725816579,0
R005411,0.014492477346663675,0
R005914,0.018976295514526887,0
R005941,0.43728243233073094,1
R007500,0.2398029253346642,1
R001983,0.015374753484954472,0
R002813,0.1878062007992623,0
R003430,0.08092665824977523,0
R005067,0.27828423595996377,1
R006452,0.33882782127354544,1
R006587,0.4722001400056324,1
R006889,0.03220572060434476,0
R006986,0.23343026151028395,1
R008718,0.17503883334735923,0
R008758,0.3491654088459144,1
R000287,0.09327011023569728,0
R001583,0.3283635254374225,1
R001995,0.19564512333599604,0
R002518,0.006611357592518695,0
R002522,0.18281614952820077,0
R003667,0.4233387289209763,1
R004177,0.17213109906025795,0
R004820,0.15301076363304078,0
R005244,0.5252805447304173,1
R005653,0.349360879998008,1
R008122,0.17895201482945286,0
R008245,0.14721934042246762,0
R008394,0.22765649025413454,0
R001709,0.7932545259711155,1
R003083,0.24349558825866532,1
R003852,0.45285567704361057,1
R004333,0.44594911360730255,1
R007999,0.3249897544777203,1
R008312,0.07981971749963056,0
R009879,0.2373781041992771,1
R000056,0.14100936708229145,0
R000121,0.1743379824367193,0
R002149,0.3202740205723202,1
R004459,0.21829235310386677,0
R006054,0.2138638331923753,0
R000006,0.37552266347790075,1
R000042,0.17710998801709119,0
R001033,0.3007413034446606,1
R001219,0.5795702247748744,1
R003132,0.24793571341330325,1
R003554,0.017607681633094157,0
R003815,0.15479888010441728,0
R003851,0.28318024617322757,1
R003927,0.2918467022616534,1
R004313,0.08369907821708922,0
R004405,0.17197497848961607,0
R005052,0.47203135272039004,1
R006055,0.3920903324698999,1
R006125,0.3814917232368598,1
R006273,0.06578285025952058,0
R006384,0.4230108162429525,1
R006693,0.07865166789098527,0
R007836,0.06117060919523034,0
R008282,0.28669828464912533,1
R009885,0.013816714256003627,0
R001021,0.3077673490976865,1
R001188,0.17179361760516726,0
R001985,0.1324576640634295,0
R002878,0.49279566060542385,1
R003681,0.3094500726095449,1
R005820,0.30634000399106714,1
R007519,0.09299509675015107,0
R009492,0.5074389090616612,1
R009821,0.21173037686477447,0
R000593,0.17076441327328082,0
R000733,0.3401528321446563,1
R001172,0.17692395331886523,0
R001379,0.7111204634428681,1
R001951,0.10374013325237638,0
R002641,0.4004289559499278,1
R003183,0.3410712662671748,1
R004265,0.20521359653152882,0
R006712,0.3746316381372732,1
R009588,0.22472477840821503,0
R000059,0.04471226519842874,0
R000265,0.3006319057801173,1
R000406,0.299177885587943,1
R001641,0.007429129558457853,0
R002352,0.37623722088780853,1
R004559,0.43126849018961977,1
R005783,0.043171677191434284,0
R006534,0.09972377922797032,0
R009531,0.10610217397278053,0
R000081,0.10237926071463455,0
R000186,0.06498672296079834,0
R001027,0.05059435869552713,0
R002782,0.11943323817381031,0
R002807,0.3523001637200672,1
R002838,0.013008625483872044,0
R003817,0.1939818185554686,0
R004359,0.040743279971112656,0
R004373,0.1552274146600425,0
R005063,0.12747366861248735,0
R006206,0.18817351257407575,0
R006514,0.39893711141482713,1
R007661,0.1781430229354947,0
R009789,0.3386956153166018,1
R003606,0.3100845291141414,1
R004092,0.5228414014274795,1
R004179,0.3391150734951234,1
R006223,0.3090753578958809,1
R006943,0.42221171163679694,1
R008244,0.37581741517875117,1
R008408,0.26989529212519736,1
R008921,0.08428675049389123,0
R009096,0.022021637107224674,0
R000528,0.272473332106712,1
R001812,0.30782569109320884,1
R001986,0.04564479347108833,0
R002034,0.1414260704283847,0
R004250,0.131937050345766,0
R004385,0.4431879521911586,1
R007702,0.19790490450404796,0
R007720,0.30198310043026455,1
R008759,0.47835007494351217,1
R008768,0.2465012627663174,1
R009030,0.2636166020161696,1
R009119,0.2834324375130117,1
R000388,0.30300132792657497,1
R002228,0.17647067507620715,0
R002646,0.42556178934431443,1
R002901,0.3104283401853401,1
R003341,0.21232220710801386,0
R004716,0.068589338627807,0
R007185,0.10060939843411083,0
R008060,0.1881764632279107,0
R008812,0.07537696650520916,0
R000182,0.172644950620942,0
R000417,0.34966365894905793,1
R000565,0.16238320245486276,0
R000626,0.18092398370103815,0
R002507,0.15928398174997774,0
R002761,0.22424934669996693,0
R003251,0.1353824140542358,0
R004946,0.3478326040711065,1
R006362,0.39405391896136704,1
R006678,0.3909453422134007,1
R006915,0.27040108824153275,1
R006941,0.16621628286446244,0
R007205,0.03199308422601452,0
R008850,0.307890662797408,1
R009386,0.14406713194156676,0
R009973,0.320245841510717,1
R000737,0.09925779330713345,0
R002543,0.2618367142494509,1
R004297,0.17046080640775266,0
R005903,0.3796003524547542,1
R006277,0.36062398619560093,1
R008753,0.19163587970321863,0
R009173,0.1832776265005047,0
R009950,0.1383642884284089,0
R000726,0.4607191575877639,1
R001032,0.47404020196441077,1
R002906,0.45474119820392206,1
R004273,0.03847140591619811,0
R004707,0.22569377398364038,0
R004891,0.033773786111584214,0
R005925,0.3874421358641005,1
R006342,0.20602536745325878,0
R006657,0.4573828568825311,1
R009682,0.28133221253299845,1
R000524,0.5219150565112382,1
R000554,0.15403086387300127,0
R000911,0.031687778359597726,0
R001526,0.25805850799747143,1
R001842,0.05596257239838912,0
R002966,0.23413673769424337,1
R003710,0.24494072608540715,1
R004912,0.34989024800821816,1
R004959,0.23279658707398607,1
R005482,0.44242194646553984,1
R006043,0.4895656232948761,1
R006543,0.11756928225329695,0
R007614,0.1890748251342188,0
R009844,0.5129082217754771,1
R001280,0.7476703056691176,1
R001377,0.19100097660181284,0
R001939,0.07997855213002246,0
R002971,0.42073288154477445,1
R005104,0.18550501136930336,0
R006298,0.16723635356534758,0
R006396,0.00503166174330183,0
R007563,0.12866188807454387,0
R009825,0.2513494967640796,1
R001250,0.3532613216605176,1
R003155,0.30194038868071904,1
R003829,0.3444062254040259,1
R004430,0.31357288861228166,1
R006139,0.4568162872583191,1
R004018,0.33879869067228635,1
R004346,0.15024773244631062,0
R007580,0.26466847887656764,1
R008207,0.182405950001327,0
R009389,0.41852289769227663,1
R009827,0.2814435846150858,1
R001011,0.0545030462009171,0
R001563,0.0306898091798784,0
R002150,0.0893874765149083,0
R003609,0.21908654983781725,0
R004510,0.04998526664644781,0
R006300,0.2846746643203404,1
R008055,0.28140362460715435,1
R008521,0.03702760532921742,0
R000544,0.09134977754234853,0
R000658,0.27456450879998207,1
R001100,0.25368733621114986,1
R001710,0.33424329217724913,1
R002002,0.22526516215736841,0
R006201,0.2918472026072921,1
R008251,0.1924737284811813,0
R000153,0.5243467957337558,1
R002247,0.7058092719946648,1
R003268,0.23452511942938264,1
R003908,0.26866883800637126,1
R004281,0.2880626972456327,1
R005728,0.03343301295982185,0
R006033,0.28424669548281817,1
R007039,0.4453411658077162,1
R009135,0.26651632397746056,1
R009818,0.4889396872622779,1
R001020,0.22008042823002522,0
R001093,0.25196984229648167,1
R003176,0.21586316209762477,0
R004068,0.30773692619567383,1
R004320,0.14427859882946303,0
R004568,0.25991512774642495,1
R006016,0.17769590636782498,0
R007087,0.15978838663424014,0
R007770,0.30001156891272995,1
R001137,0.1088970445188306,0
R001374,0.22161553754930283,0
R001736,0.25838422751312856,1
R001769,0.1914373637387348,0
R002871,0.28653945492385224,1
R006373,0.10477170818538119,0
R006509,0.20902648856017936,0
R008047,0.28394739334344055,1
R008951,0.03440155733606657,0
R009806,0.07767449610534868,0
R000365,0.5128293826124932,1
R000384,0.3485410955521847,1
R001877,0.3690985073045048,1
R003103,0.10909114530244927,0
R003517,0.2731878824410845,1
R005584,0.3031982758421154,1
R006690,0.06445693389460111,0
R007826,0.11144634854205586,0
R008724,0.3960728257208705,1
R009406,0.2911439696448846,1
R009549,0.055188359552727106,0
R001122,0.15140571721429283,0
R002597,0.4125182247491388,1
R002847,0.04511589344011998,0
R003382,0.41985955131362024,1
R006754,0.46556846415450964,1
R001341,0.247398927668336,1
R001767,0.06781350320194457,0
R003393,0.2931926827886612,1
R008818,0.21034677776623495,0
R008908,0.23151453529329202,1
R009649,0.3046233661519425,1
R000196,0.03557588614913013,0
R001582,0.13354476757002723,0
R002305,0.010019239511117575,0
R003135,0.316711549019295,1
R007075,0.19727044079301068,0
R008795,0.1096832229379089,0
R009133,0.16576317309237268,0
R002963,0.2733927961583441,1
R002970,0.0630744422644058,0
R004978,0.47523285917686453,1
R005840,0.13982328070401767,0
R006837,0.24105000232685272,1
R007301,0.10352837423899702,0
R008170,0.14810290523599662,0
R009225,0.17858737092231108,0
R000357,0.21861132508837688,0
R000457,0.18073487381071646,0
R001490,0.4290489717313676,1
R001547,0.27608825830015304,1
R002086,0.2653122623322378,1
R003072,0.3548715163965757,1
R003355,0.087033299303197,0
R003806,0.291044842721048,1
R004242,0.2558644489752234,1
R005418,0.184747425437909,0
R006468,0.2986813573818203,1
R007455,0.10220374736751862,0
R007493,0.049059151348246545,0
R007680,0.3759284897600105,1
R008426,0.2836761403339364,1
R009582,0.16993598847816757,0
R009664,0.11027957342821694,0
R001046,0.07237884208414093,0
R002236,0.4159464387927517,1
R002582,0.1083570133626481,0
R002952,0.06793731310833799,0
R005674,0.278184500752067,1
R005899,0.2766177696932844,1
R006316,0.14810279200021415,0
R006411,0.19443318882962154,0
R007370,0.511411422240356,1
R007525,0.4737103807249079,1
R007768,0.25521132733515106,1
R007923,0.27031293426422576,1
R008592,0.04209685497421954,0
R009365,0.052613598676859684,0
R009831,0.08721281841967164,0
R001945,0.24955090902310817,1
R003945,0.013512005408276856,0
R004020,0.07693175477701494,0
R004589,0.14801581408015202,0
R005934,0.04866976084048086,0
R006177,0.06358973004048765,0
R008071,0.31814375132459327,1
R008313,0.36197035777033393,1
R009025,0.4397806048485244,1
R009210,0.06511642236871017,0
R001527,0.010414566611816372,0
R002079,0.3238048086871962,1
R002322,0.2303373939426404,1
R004884,0.25034898595495486,1
R007323,0.290854624047407,1
R008250,0.3773371231440884,1
R008580,0.2663383110477908,1
R001354,0.465805957138035,1
R002934,0.2306126416037313,1
R005750,0.33572483460300767,1
R006013,0.2865980743384677,1
R008675,0.07005912432906124,0
R008695,0.1324504183273609,0
R008884,0.10816304825767685,0
R002240,0.21006793462496953,0
R002268,0.02205710311087259,0
R002590,0.381806315103365,1
R002891,0.20487243717855408,0
R003314,0.1482046480694354,0
R003470,0.2829803352937043,1
R005026,0.37998943925091927,1
R006417,0.14863979319761847,0
R006613,0.5421780939888381,1
R007044,0.24264605201653885,1
R008061,0.06375365324375255,0
R009163,0.14722510720681964,0
R004317,0.24666359737463064,1
R005298,0.1685067622196378,0
R006354,0.6301346502833304,1
R007164,0.17599326441774416,0
R007325,0.14987314793804155,0
R009323,0.12138803080216844,0
R002483,0.31766275856724574,1
R002801,0.12018212550047942,0
R005032,0.42539908200629545,1
R006454,0.31970333408675117,1
R006872,0.14383849009544586,0
R008331,0.31879455461361006,1
R009152,0.10846652291411536,0
R009522,0.061301290450414415,0
R009669,0.09077258305892676,0
R009711,0.12282777292071051,0
R001047,0.19582339960468217,0
R001662,0.371019388838095,1
R002357,0.22749745612127156,0
R005377,0.27792796472445397,1
R005395,0.4124149695465036,1
R006978,0.2203585407101815,0
R000987,0.21874160657090483,0
R001584,0.22118986842050162,0
R002677,0.3169402038951351,1
R002785,0.41555387325485316,1
R003214,0.22590093092380134,0
R004211,0.2777690208705497,1
R007879,0.044856207420743574,0
R008086,0.017609738134949125,0
R008666,0.5311624316006355,1
R008740,0.2939542284505395,1
R009644,0.2578140831647527,1
R000739,0.30608548973065,1
R003457,0.26913583398261687,1
R003964,0.3895594348890221,1
R004739,0.24819626947203088,1
R005053,0.13008742265024062,0
R006218,0.2726000751200259,1
R008938,0.13883732515101194,0
R009570,0.1708969265729845,0
R009589,0.3094394603020208,1
R002402,0.2724617010217229,1
R003172,0.10482991954950911,0
R003340,0.5594774544163386,1
R003445,0.23834278709321993,1
R003597,0.2282604766843658,0
R004391,0.021351747158457512,0
R005457,0.348023055873167,1
R005551,0.1866186232959946,0
R006256,0.3444072481564299,1
R009185,0.48824121240779134,1
R000722,0.0814378012260675,0
R000749,0.47277604424620817,1
R000989,0.15226354720625365,0
R001082,0.26085605128828093,1
R001740,0.08603913921087275,0
R002423,0.21990608655093027,0
R002429,0.2656593776179028,1
R005353,0.10169157097387736,0
R005897,0.23647651129012134,1
R006255,0.037992603984679275,0
R006614,0.5781341546721875,1
R009355,0.2075650321713505,0
R009448,0.30405902242818156,1
R001428,0.11266511201110177,0
R002420,0.1394207925376731,0
R005281,0.025845240258576888,0
R006654,0.16836899090100577,0
R008233,0.46830260516609173,1
R008781,0.10843448606992916,0
R009390,0.42358771242124177,1
R000799,0.21916214146590254,0
R002037,0.07449659112723586,0
R002453,0.26815701215073956,1
R002996,0.05133114169613207,0
R004563,0.1451197152262101,0
R004661,0.24256323414469372,1
R005133,0.04280062796277294,0
R006459,0.03443742532120938,0
R007008,0.17405059041891818,0
R008270,0.33648273024085074,1
R000548,0.17881264032706165,0
R001263,0.08342003169033543,0
R001267,0.3545932622442499,1
R001755,0.05053547459224907,0
R002122,0.11701716575694569,0
R002904,0.08729102914921157,0
R003262,0.10735662619270271,0
R004039,0.4699133601485679,1
R004089,0.0777419847868546,0
R004278,0.20168622170104528,0
R004574,0.34866629069326616,1
R005947,0.23931662186439512,1
R006237,0.2791377527754877,1
R006665,0.19822608450327106,0
R008594,0.04295319946686487,0
R008649,0.15045415069589704,0
R000034,0.2370110913780259,1
R001783,0.016208548866111755,0
R001953,0.2842262914646786,1
R002881,0.3641242972754868,1
R004776,0.23492957039073273,1
R005078,0.11155858655382223,0
R006343,0.2766686389590037,1
R006616,0.3676016894835147,1
R007038,0.2925068910800081,1
R008212,0.06518873321165626,0
R002648,0.6335384687287589,1
R002959,0.25010678906746336,1
R003462,0.28370790983076444,1
R004375,0.08789900834144042,0
R005355,0.10468647867312825,0
R006412,0.30820352877199203,1
R008258,0.21902065693709635,0
R009951,0.20577345941577657,0
R001822,0.21626035934709373,0
R001981,0.3809832703729965,1
R002805,0.28396349710516205,1
R003418,0.38116594374358204,1
R006530,0.12562045662732216,0
R007422,0.17024923105083523,0
R000423,0.24687451328670132,1
R001186,0.03682417528013441,0
R001378,0.16052881549919243,0
R002301,0.17038162656004746,0
R002630,0.015952256658099958,0
R003663,0.11961791212748193,0
R003808,0.14988942570730773,0
R004650,0.038294401176505434,0
R004747,0.33788007281462384,1
R005553,0.21306347154789168,0
R006532,0.08128665203172326,0
R006799,0.33136483848249654,1
R007116,0.2891341492588729,1
R009379,0.15350600311312707,0
R000965,0.00362589066754193,0
R001119,0.24045421687444318,1
R001318,0.047128116388093895,0
R001937,0.47807622893992696,1
R002253,0.03666459528101386,0
R003782,0.07808017340134303,0
R003890,0.3518822871423106,1
R004152,0.030679772492314582,0
R006877,0.27977157416063697,1
R007210,0.160007888532413,0
R008128,0.22395693093039737,0
R008151,0.30665822870340076,1
R009201,0.14319214258779983,0
R009847,0.2135479179318197,0
R000560,0.21824061617198595,0
R003288,0.16885297027344756,0
R003869,0.06424242617514905,0
R004048,0.16213043642572278,0
R004306,0.2872901235502142,1
R004632,0.30360938867597315,1
R006047,0.1805636977277356,0
R006359,0.16246355653824981,0
R008179,0.2583116363759933,1
R009577,0.3070598720877796,1
R009758,0.2574422440700778,1
R002931,0.05359128883351886,0
R002944,0.1609039342470503,0
R005807,0.23080003272251637,1
R006088,0.1418963546739928,0
R009784,0.15426973307660802,0
R000090,0.44778436761303736,1
R000852,0.3119676701838523,1
R001286,0.1996826859658406,0
R001322,0.2164937833254878,0
R003180,0.23661345833721673,1
R003258,0.0786082843929157,0
R003899,0.397639850714589,1
R005730,0.3634199507717623,1
R006428,0.43372814851364333,1
R006933,0.06545182248866024,0
R008382,0.22715270759050157,0
R009563,0.05997586111277607,0
R000514,0.26318015514865,1
R000556,0.19500553348346625,0
R005456,0.11063522856250524,0
R006421,0.10628310449126936,0
R007830,0.12727532453624266,0
R008283,0.3959822799083869,1
R008601,0.1296931712077261,0
R009465,0.18942898742217418,0
R000067,0.25921798845311766,1
R000703,0.7994360059617082,1
R001059,0.3146232032850247,1
R002035,0.29767227766793275,1
R002855,0.18064848528401695,0
R003203,0.22938676078959808,0
R005233,0.3178058827946441,1
R006162,0.004852858234362341,0
R006224,0.02072990915706172,0
R006863,0.42259769736893954,1
R008172,0.805733691414852,1
R008637,0.24772112805601265,1
R009316,0.23812696861337093,1
R009344,0.21054361079322845,0
R002440,0.4474356965878731,1
R002689,0.315413206954667,1
R004512,0.28136466443644026,1
R006176,0.1120687590935296,0
R006835,0.3770132226430712,1
R006958,0.24858065414775432,1
R007057,0.07965283356203935,0
R008074,0.6230749044363573,1
R008696,0.06645754438221739,0
R000296,0.18143552936306384,0
R002148,0.22410851709962085,0
R003060,0.2483478931716683,1
R003201,0.3199593958070739,1
R003887,0.33373632385087315,1
R004577,0.2757634051762022,1
R005595,0.2691723584590659,1
R006499,0.05773958650815197,0
R008177,0.15684710936029098,0
R009116,0.17262372557721137,0
R009347,0.536978878785851,1
R009750,0.09174341186919276,0
R000018,0.18583553403457295,0
R000200,0.24914791463676597,1
R002872,0.04925959308884729,0
R003508,0.023949838975620533,0
R004169,0.3523118307499015,1
R004207,0.3807704116450486,1
R004828,0.04377577856189513,0
R006286,0.39732210580296495,1
R004497,0.6826262160948912,1
R006311,0.30238867112723694,1
R008121,0.029736426915836212,0
R008843,0.17825558765795807,0
R008846,0.03310799716054565,0
R009050,0.25498472464267496,1
R009063,0.23191583011155198,1
R009584,0.1434853090125702,0
R009707,0.10815342601251628,0
R001461,0.047859556481299685,0
R001542,0.22469587017850182,0
R005689,0.13922866211017718,0
R005731,0.047999614083017214,0
R007281,0.13068360304404508,0
R007675,0.1599160652794143,0
R008390,0.03364017326254071,0
R009020,0.1635033519955981,0
R000143,0.11453292588629693,0
R000903,0.22814533910358295,0
R001476,0.1523003828232509,0
R002246,0.05691776412306733,0
R002459,0.3179718997876553,1
R002479,0.32461026774199314,1
R002978,0.3214203536569981,1
R003553,0.10593228195466119,0
R004501,0.10248874751350104,0
R004701,0.4885958704209364,1
R005594,0.21791014341032314,0
R006400,0.12031888035038911,0
R007024,0.11206284293278523,0
R008853,0.10996214281880878,0
R009045,0.1728774169280889,0
R009908,0.4313030755892106,1
R000069,0.050249596718699115,0
R003104,0.22514318352132315,0
R005349,0.15049139490425692,0
R006686,0.1439955844022583,0
R008575,0.24794948903361982,1
R009088,0.1917354151832181,0
R009182,0.03942685666977416,0
R000575,0.008333302636578013,0
R001996,0.19018048745025037,0
R003397,0.06855704239675474,0
R004021,0.1940039254157515,0
R004263,0.24630048140072336,1
R004540,0.1776927934500207,0
R004737,0.2278326785837601,0
R005705,0.2168109091242181,0
R005754,0.06833764078443823,0
R006325,0.07064337033203995,0
R000073,0.05072096859840572,0
R000994,0.1375124415817122,0
R004792,0.052357347958554235,0
R004875,0.5084444441105781,1
R005278,0.43323286028198016,1
R007373,0.1641284797621621,0
R007487,0.23397539403699483,1
R008719,0.3934809392013936,1
R008869,0.020990683686155205,0
R009305,0.24471966835161993,1
R001151,0.09994514881433149,0
R001340,0.1620128485323812,0
R003080,0.3697901656183953,1
R003879,0.19607008385034486,0
R004162,0.17400297754674043,0
R004368,0.17141618508549314,0
R005106,0.2986124609738612,1
R007251,0.21005212513811572,0
R009970,0.1509422335975064,0
R003098,0.48143033588186096,1
R003867,0.27063956198895095,1
R004066,0.2582134835300452,1
R004188,0.15546240980191584,0
R004192,0.055595285509208066,0
R005442,0.19332616806671798,0
R005453,0.3129116919909017,1
R005567,0.32019664080992094,1
R005805,0.33040819461442283,1
R007579,0.14371496004138226,0
R008124,0.22819783822862907,0
R009366,0.16310183798522682,0
R009676,0.1853741323648272,0
R009710,0.4022140499982101,1
R000026,0.07753212299102533,0
R002054,0.09660898446065723,0
R002656,0.06142435670466451,0
R003157,0.3899054299035658,1
R004108,0.7095433057272019,1
R004142,0.23219406218700248,1
R004322,0.014596316950618842,0
R005978,0.25341471842796953,1
R007368,0.05973421845101872,0
R007899,0.2136911019134225,0
R008805,0.12611243489583265,0
R000226,0.15995404211023573,0
R000247,0.11881876730053163,0
R000433,0.048265138609306084,0
R002016,0.09360771498898453,0
R003718,0.096144820408774,0
R005835,0.15570646224551374,0
R007776,0.09518501896938174,0
R007881,0.14662756221896917,0
R008410,0.6994217600329918,1
R009934,0.18171937090343157,0
R001170,0.376920501416695,1
R001919,0.01287403972403784,0
R001967,0.36442369374152095,1
R005951,0.49433137598894156,1
R006723,0.23878694931543198,1
R008044,0.23567673058648705,1
R000564,0.09372755746701372,0
R001455,0.17533055592300004,0
R006235,0.1834159602023432,0
R006695,0.24316590756075715,1
R008202,0.40891916807664863,1
R000680,0.2643412518164483,1
R001160,0.05107683856430632,0
R001765,0.40370956446829837,1
R002740,0.21631981824909247,0
R006882,0.14692934909013214,0
R006981,0.34662422153674494,1
R007955,0.25473929508340704,1
R009081,0.0571370120451887,0
R001586,0.36128844316656217,1
R003550,0.04309511824566912,0
R003689,0.31645432433997933,1
R004182,0.0999421586190106,0
R004240,0.5442289689727865,1
R005211,0.6104882236540216,1
R007201,0.13683608727247953,0
R007407,0.12648542169481725,0
R007801,0.55976122002282,1
R008085,0.467480065442645,1
R008765,0.2684372117516637,1
R009487,0.15020949727810706,0
R000649,0.12305422180947037,0
R003066,0.12289559434141901,0
R003159,0.0416066667601455,0
R004973,0.26924272221981,1
R005511,0.13358140129209264,0
R005760,0.09406515699502438,0
R006791,0.289220865151738,1
R008294,0.0949912150360332,0
R008296,0.06382840026687737,0
R008671,0.550266760548265,1
R002586,0.300241545165178,1
R003427,0.10949852739921938,0
R003794,0.03141592157779363,0
R004008,0.1164375484365249,0
R004019,0.054475117572633985,0
R005954,0.020033491073867815,0
R006617,0.8873980623766473,1
R006676,0.014640151776865173,0
R007183,0.17270228300811422,0
R009327,0.11654447780857878,0
R000070,0.24218900608876462,1
R000825,0.16246449463704904,0
R001660,0.08841897658444152,0
R003102,0.06623154239006683,0
R004687,0.4700682228337055,1
R005968,0.02815316548573873,0
R006942,0.2390254266870398,1
R007346,0.018168094328606544,0
R008722,0.17421425296301454,0
R000861,0.24490156801025703,1
R002114,0.30286783948952556,1
R003356,0.25420847851136236,1
R005016,0.20181772699211858,0
R005905,0.046652370122225124,0
R005906,0.07383348949307565,0
R008723,0.07641460565917624,0
R009349,0.07323637263350864,0
R000812,0.3217789206215211,1
R002207,0.11627901455587272,0
R002316,0.13651888800649356,0
R002486,0.2632448227941726,1
R004222,0.7224798280096669,1
R004850,0.3418986717956566,1
R005935,0.4622062497313693,1
R006622,0.4827311815473719,1
R007824,0.16220592768478145,0
R008036,0.31847571237536015,1
R000945,0.21230752775245715,0
R001516,0.47673706417869827,1
R003079,0.16396896012341888,0
R003761,0.07105240148156504,0
R005030,0.07471080868276567,0
R005733,0.34895889517967493,1
R007389,0.22603156677665645,0
R007492,0.11026586933112409,0
R008033,0.38814674200824595,1
R008169,0.24483053900255086,1
R009618,0.10554309277246982,0
R000470,0.19374251545595966,0
R001104,0.06709987899513985,0
R002248,0.04405688845574523,0
R003329,0.043753046084868574,0
R007667,0.5211215371802249,1
R001144,0.0785901206500017,0
R002295,0.08610681664268852,0
R002577,0.25080409824106203,1
R006767,0.3123269628905522,1
R008162,0.05591506969167575,0
R008670,0.4403639340499096,1
R009523,0.1603144494830107,0
R009856,0.09466065263121444,0
R000483,0.1222068111944888,0
R001733,0.17379659285492036,0
R002201,0.048385378382881074,0
R002448,0.19529298005266488,0
R003790,0.3974652585484802,1
R006106,0.07582214385423353,0
R006890,0.45356478127868605,1
R007142,0.14197654727763712,0
R007856,0.2641091245805143,1
R009526,0.013648622186756231,0
R002249,0.07910128461193587,0
R003186,0.1427140599032464,0
R006166,0.32779922192004113,1
R006221,0.277907137022183,1
R006251,0.09860017014196361,0
R007001,0.12064509267803075,0
R009499,0.1443608180789079,0
R002287,0.04563333924996958,0
R002318,0.3496652896062598,1
R002770,0.39816289496070234,1
R002896,0.16505008827113127,0
R003758,0.07986454695830751,0
R004475,0.02221999037244677,0
R004674,0.2366943020534911,1
R006128,0.30263011825775865,1
R007676,0.280639935182802,1
R007946,0.47201264202840815,1
R008539,0.16302196165055735,0
R008593,0.13506758894282597,0
R008716,0.17169497020844354,0
R008777,0.13732446299859868,0
R008791,0.06590620484475959,0
R009035,0.5491186002121988,1
R000091,0.2342587427148367,1
R000398,0.24446996484974218,1
R001175,0.03261507797533799,0
R005317,0.07009985322058668,0
R005546,0.013561158213713925,0
R005633,0.2243405290291046,0
R008630,0.12875971698445496,0
R008988,0.062399984105612635,0
R000765,0.3957670065726107,1
R001829,0.2433006299756276,1
R002120,0.02548485688224065,0
R003930,0.15178696750397305,0
R006239,0.1340555566587289,0
R007432,0.1673703499518149,0
R007907,0.3330047024949329,1
R008364,0.4752393377431974,1
R009258,0.13205435326037637,0
R000240,0.19463800231619677,0
R000912,0.06569422088890987,0
R006155,0.24989715713128682,1
R006287,0.007816934340797825,0
R008680,0.013071568946524,0
R009314,0.0268858673555561,0
R009532,0.6441697859365892,1
R001914,0.0756669907783829,0
R002229,0.19817444639110957,0
R002361,0.09363918579492932,0
R003917,0.12015694805866094,0
R005836,0.10258714937888441,0
R005992,0.6893615849231305,1
R007914,0.2660892935970114,1
R000919,0.1703065557496813,0
R001307,0.09410807364427742,0
R001400,0.0582852154714403,0
R001537,0.03258031940201765,0
R001637,0.06717089022359025,0
R002447,0.1445055164520564,0
R002691,0.21969840985148484,0
R005253,0.19233433302808464,0
R005625,0.47426655302157483,1
R009937,0.45593661662898893,1
R009978,0.2753425860271544,1
R000317,0.26186851622964874,1
R000578,0.07047537690286386,0
R001502,0.21559356599603105,0
R001711,0.4347272972134017,1
R003277,0.4578251998625144,1
R003915,0.2523181253608277,1
R005600,0.03392312315118471,0
R006771,0.28632156928801367,1
R008968,0.3971044913645462,1
R009075,0.10018553570515458,0
R009168,0.3922975982520102,1
R009764,0.056072447591331516,0
R000934,0.25926228866551776,1
R003147,0.5047138029746162,1
R003230,0.6774787379135365,1
R007891,0.419515602223167,1
R008714,0.46096696402017534,1
R001433,0.39168267715005545,1
R003901,0.3963567491356907,1
R004155,0.22838623052054308,0
R005996,0.19175531383228248,0
R006900,0.09479228766584256,0
R007081,0.19061218289530968,0
R007250,0.2747187151971421,1
R001396,0.25291249656293163,1
R003459,0.2676406638217503,1
R005337,0.11300855458003453,0
R000185,0.14438968104391225,0
R000426,0.23743109246411453,1
R000588,0.5648707993400733,1
R000589,0.07003506816364222,0
R000776,0.2515862942195753,1
R000885,0.15820823256261787,0
R001373,0.08353034424514594,0
R001403,0.12307570338382888,0
R001610,0.06650771572369964,0
R002143,0.46661805594627603,1
R004521,0.22573185268177495,0
R005960,0.06564512356432137,0
R007247,0.41018443827360407,1
R008438,0.090948020755265,0
R009674,0.13263486825033535,0
R000341,0.39023893353414085,1
R000487,0.2971014220832397,1
R001085,0.1978620837143065,0
R003003,0.0608184246088269,0
R003561,0.14315285254385726,0
R004070,0.14879274957245442,0
R004147,0.5087200063416893,1
R004918,0.05281881790180304,0
R005170,0.021938859576983157,0
R005225,0.10479121200249937,0
R006934,0.24217658941056763,1
R007071,0.3331000453016115,1
R008875,0.06289581363176805,0
R000005,0.36273581151876844,1
R000600,0.36746463629916487,1
R002809,0.26103415140669745,1
R002869,0.13853568560895188,0
R003254,0.65854474779828,1
R005572,0.28806596357528735,1
R006053,0.3742267751084413,1
R001726,0.18201092177582995,0
R002029,0.37846842461304847,1
R002110,0.09588617887701527,0
R002474,0.12585521963483004,0
R003051,0.6146325647016311,1
R003785,0.2575157961612655,1
R004036,0.04145185774568256,0
R005341,0.2700299772673615,1
R005533,0.5325343917640913,1
R006521,0.37259470160614355,1
R008067,0.21073292324307047,0
R009243,0.27211216124269016,1
R000709,0.1236494518139205,0
R000887,0.6477030704949381,1
R002064,0.2629807435316394,1
R002491,0.2967785339472172,1
R003433,0.07948453662484371,0
R003959,0.05480572576839893,0
R008218,0.02247612829346015,0
R008643,0.06502124454186917,0
R000898,0.24876029051426424,1
R001299,0.45574050000292093,1
R001672,0.356409602275919,1
R002220,0.13535190892053628,0
R002266,0.07940132623469526,0
R002853,0.0300774690308098,0
R004844,0.045627528198796,0
R005491,0.16400430710184397,0
R006792,0.11632603139527561,0
R001079,0.29717866244848457,1
R001608,0.0265492124143434,0
R001721,0.27794425551857743,1
R001778,0.38114043117890994,1
R003827,0.33414558596802596,1
R003911,0.45194128122202054,1
R005799,0.04040777937925151,0
R007189,0.4862741785310866,1
R007643,0.3153479649657293,1
R008623,0.7234357732006672,1
R000555,0.17467666388238562,0
R001498,0.22130080251511502,0
R001625,0.023378797340316143,0
R004302,0.17641637614089545,0
R006369,0.2361990400153542,1
R006957,0.15939788332960272,0
R007878,0.24379873669603908,1
R008434,0.14001681847125014,0
R008823,0.3487482656275049,1
R009170,0.4517966339478898,1
R009705,0.1291772577276251,0
R001870,0.2648949634525119,1
R002123,0.14594271952769636,0
R002255,0.676350443613665,1
R003909,0.3902804760858961,1
R005231,0.1569307374349877,0
R005801,0.5342463786218826,1
R005981,0.3439227135064251,1
R006859,0.38911948893677595,1
R009403,0.09198626107980294,0
R009528,0.1376168189240002,0
R009808,0.4275784083566661,1
R001987,0.046501021209594436,0
R005443,0.22104976234798251,0
R006743,0.10177273401104849,0
R007262,0.14505486653243185,0
R007611,0.1110028419731925,0
R009620,0.1740633317532016,0
R000094,0.2597433283980321,1
R000285,0.31484109778893743,1
R000771,0.035614104093302304,0
R001130,0.22157905655024923,0
R001402,0.046289604827332236,0
R001703,0.2689988700481987,1
R001904,0.058236278808436015,0
R002371,0.11850059725009053,0
R002563,0.07492572570899539,0
R004154,0.44092747296690177,1
R007928,0.32035355239689783,1
R007968,0.13795313789880212,0
R008285,0.24405317460987405,1
R000599,0.11038936210186381,0
R000769,0.14963289625904627,0
R002250,0.22646251609411697,0
R003687,0.03443641983862935,0
R007629,0.029797135605776286,0
R008278,0.505741744693227,1
R001988,0.15965877368726583,0
R002094,0.4718029123424997,1
R003252,0.14998204291361142,0
R003521,0.2396270870002175,1
R003737,0.2039670187105437,0
R006302,0.2214357000620566,0
R006852,0.02580197139511999,0
R009427,0.09610275708497064,0
R000413,0.3499357146738753,1
R004045,0.14676444676038392,0
R005623,0.0077771175371629765,0
R005668,0.06430097673596484,0
R006506,0.38119279154359226,1
R007855,0.43294714259647016,1
R008687,0.10810938364961566,0
R009146,0.4723870486542471,1
R009547,0.36221598926325826,1
R000330,0.1932768747018212,0
R003865,0.11646095722492245,0
R004084,0.09164356338576717,0
R004363,0.25866068976035167,1
R007021,0.19268125174417142,0
R007605,0.3802852909608572,1
R009592,0.3650726886896386,1
R009807,0.15481167436233642,0
R001412,0.41757314862241274,1
R005683,0.29812938490039387,1
R006203,0.445476604187027,1
R007509,0.09810365450862359,0
R008144,0.11007598772834389,0
R000031,0.4661518434399646,1
R000381,0.043034598378863094,0
R002009,0.2712602591128985,1
R002206,0.04365631665908789,0
R002488,0.07916720985187013,0
R003589,0.1618034326334431,0
R004094,0.20115977647870484,0
R004965,0.23708323532877779,1
R006248,0.628034797936329,1
R006418,0.4013036942364243,1
R009688,0.2151808166174273,0
R000373,0.33489758908116346,1
R002516,0.3109210356818193,1
R002707,0.12626736751577994,0
R003873,0.13778315892740906,0
R004364,0.35187913958997336,1
R008372,0.1506366042184052,0
R008839,0.28531516099164367,1
R009121,0.6891037483210759,1
R004703,0.5048088786441327,1
R004962,0.456433953122948,1
R005079,0.4540665459409621,1
R005550,0.1645714999091835,0
R005813,0.4172553343373658,1
R006077,0.27988581314103217,1
R008167,0.36584959037510606,1
R002326,0.26159682512621424,1
R002339,0.020961014263910706,0
R002683,0.06948868426933519,0
R005274,0.21158901436112998,0
R005891,0.6753856405980079,1
R007903,0.014626038803227182,0
R008137,0.10620475372618102,0
R000313,0.16576661630404718,0
R003005,0.052139498425212163,0
R004433,0.04205347422666056,0
R004930,0.09733018636480485,0
R005939,0.0580489660862851,0
R006545,0.06620137988893629,0
R008216,0.21509977491083807,0
R000374,0.4762873510644648,1
R002050,0.31404439016891883,1
R002699,0.11315935197535035,0
R002939,0.44895167146107573,1
R003939,0.8208800926517508,1
R006524,0.14495506014804138,0
R007289,0.27962320255310663,1
R008103,0.13116496369127517,0
R008691,0.17203081349363392,0
R002340,0.29103954769551343,1
R003283,0.24211874168024733,1
R004370,0.037165874240217785,0
R005927,0.12588383287534496,0
R005971,0.02026027935429774,0
R006357,0.08850568149339227,0
R008855,0.09922079954866328,0
R000269,0.2862411060502548,1
R000289,0.022732128296510543,0
R000890,0.15558931617055866,0
R002018,0.5023524615535508,1
R003603,0.3182447894200913,1
R005819,0.23263751412927514,1
R007259,0.23740867327066964,1
R007617,0.13350533268281298,0
R008129,0.4849933601262255,1
R008383,0.3419783734067966,1
R008741,0.038074975316765465,0
R009306,0.33225116536047405,1
R000054,0.37624632176359696,1
R001253,0.07179233395337652,0
R003425,0.20077035696583523,0
R004919,0.5686892652023827,1
R006263,0.12373897689398917,0
R006313,0.6131457154005835,1
R009140,0.15573005509344462,0
R000546,0.13167899681885425,0
R001404,0.062348251295603695,0
R002987,0.036378338055567824,0
R003018,0.32360548872027606,1
R003641,0.26999407552516175,1
R003818,0.31729436664011995,1
R005957,0.1022908876667808,0
R006556,0.47233876100265343,1
R008877,0.06563775272103382,0
R009495,0.06946985878843767,0
R009496,0.1928027962482714,0
R009715,0.10772067724886007,0
R009752,0.2349743585557102,1
R001469,0.10335617528361221,0
R002028,0.21787005178465244,0
R003101,0.3996040882403237,1
R004023,0.12418772479523553,0
R006063,0.20477933863481876,0
R006150,0.4486178931194378,1
R009702,0.1903164474337653,0
R000072,0.22463376176692454,0
R000725,0.2104930635539699,0
R001568,0.36772024258977604,1
R006920,0.23542527983300493,1
R008405,0.24593418694717226,1
R000318,0.3898141311346021,1
R003056,0.28344988982796154,1
R003467,0.247235098932469,1
R006036,0.027539800951849325,0
R007348,0.1792515437317998,0
R007482,0.23445349984814984,1
R007483,0.411612961547912,1
R007621,0.7489636339297358,1
R007890,0.23956475009988934,1
R008711,0.1889136410181843,0
R009767,0.046649762959039186,0
R001884,0.33442492819324926,1
R002946,0.11803072936089233,0
R005074,0.39305427060335413,1
R005530,0.41688515577627505,1
R006512,0.34834226900497006,1
R007975,0.05321653451205825,0
R008356,0.02898665897173016,0
R008684,0.32187814380745305,1
R008960,0.20830212725427807,0
R000312,0.08495524764150977,0
R001024,0.1368710361936159,0
R001570,0.3276137884528432,1
R002019,0.46151681160069563,1
R002291,0.1249453997778021,0
R003093,0.29484723214996245,1
R003202,0.1186585639948411,0
R004407,0.22811981697187045,0
R006157,0.18151795810008492,0
R006227,0.6987760894307341,1
R007274,0.48731172683140006,1
R008195,0.4691328429575761,1
R008518,0.135417532478861,0
R009319,0.4589845679790451,1
R009396,0.1290746018244559,0
R000272,0.14784387383346428,0
R000511,0.09390780523178582,0
R001138,0.21538024914680842,0
R005641,0.12279014870094468,0
R005667,0.1469734275669331,0
R007700,0.35887352251790294,1
R008376,0.0772961522304797,0
R008656,0.2821143685487741,1
R008889,0.2850931847524441,1
R009128,0.09232091944943999,0
R001347,0.4312578187060913,1
R001616,0.12315649055552631,0
R003464,0.4124833430924614,1
R003533,0.5793212308306607,1
R003755,0.2987602313270175,1
R003886,0.2523929791093862,1
R005596,0.3032002190435087,1
R006618,0.021255014087901467,0
R006765,0.11218794967826234,0
R000635,0.24359536665490314,1
R002093,0.3652718969373561,1
R004392,0.23082205286686266,1
R006323,0.4037559967167,1
R007754,0.13240782085478522,0
R008989,0.491494146597204,1
R009434,0.06856418715711426,0
R004426,0.12955740073874272,0
R004580,0.09005607332022346,0
R006408,0.04901637411817313,0
R007439,0.046783149151484606,0
R007513,0.24645599601534146,1
R009542,0.3588888329996181,1
R001075,0.07992301968835862,0
R001748,0.10657765439049281,0
R002526,0.07481718658522225,0
R002545,0.25739443569627807,1
R002631,0.04398851142597857,0
R005066,0.2806054296035818,1
R007290,0.20343317737006117,0
R007382,0.29483112834424957,1
R007772,0.1926993749505791,0
R009955,0.210246687440251,0
R001551,0.24903029671696522,1
R003717,0.11441995397103057,0
R005647,0.31025645631340193,1
R006568,0.45288092655426815,1
R006857,0.33199163890062355,1
R006861,0.3703471542990054,1
R007105,0.09948769118430797,0
R008010,0.11737469387492705,0
R008029,0.3298617681169719,1
R008546,0.08761829035928119,0
R009782,0.01761314611857823,0
R000907,0.4352503566334958,1
R001155,0.39825862412206786,1
R003920,0.027157310707907865,0
R005738,0.4546116321491476,1
R008496,0.07675815803436144,0
R008678,0.021139797429756423,0
R009450,0.34300023456576423,1
R009677,0.24994884938906675,1
R001867,0.09496314657684385,0
R003972,0.1431545704884078,0
R005116,0.3407999339193209,1
R005781,0.20910985635898058,0
R006103,0.30955135682378687,1
R007697,0.4086031093872196,1
R008068,0.08007213407517977,0
R000781,0.2592109539067646,1
R002665,0.4638013114861442,1
R005537,0.18242402362002552,0
R005761,0.02006941612056471,0
R006635,0.16245759622101485,0
R006651,0.04216419890141637,0
R006685,0.040735291214662545,0
R007215,0.540574155389868,1
R008871,0.1291317009402113,0
R009089,0.2916895123676643,1
R009548,0.01373727352556559,0
R001008,0.3065717869098778,1
R001262,0.2531412803873768,1
R001464,0.1380918538530014,0
R001506,0.2477747087110773,1
R002492,0.28060317065549434,1
R002806,0.12538515731533845,0
R003359,0.47665688154718866,1
R003389,0.08269515031302063,0
R003678,0.29744042154017053,1
R004505,0.051772447289668115,0
R005675,0.22386405284928082,0
R006111,0.15620278543321375,0
R007876,0.22007083482797055,0
R009507,0.020947746865369474,0
R009851,0.326728501191138,1
R001087,0.4370874830214614,1
R008126,0.23367619825761898,1
R009959,0.12549625535519254,0
R000482,0.1758784830751491,0
R000938,0.3899669175530076,1
R001688,0.43922295055291793,1
R001878,0.14984225415656385,0
R002101,0.5418979922745917,1
R002286,0.27326605904209494,1
R002729,0.08229287475675605,0
R002756,0.37281555177152464,1
R004424,0.07255160084137123,0
R009062,0.15539489991714214,0
R001243,0.30742776187961224,1
R001911,0.11082002519171144,0
R001968,0.5531634610076352,1
R002182,0.2687634655123499,1
R002776,0.3519248082512457,1
R003443,0.0193840810918129,0
R006510,0.11635113434332961,0
R006898,0.07868286012930294,0
R007284,0.11108496067862918,0
R008544,0.06392548759427778,0
R009237,0.47061445762825127,1
R009673,0.5399493374021683,1
R009722,0.09115371717531522,0
R002049,0.21777286964544482,0
R002081,0.2945156553773446,1
R008739,0.42010577598834514,1
R009272,0.3154077337431059,1
R000115,0.17639247227676672,0
R000250,0.09639291740605602,0
R000951,0.04554820622675435,0
R001595,0.19031124433506785,0
R003082,0.08533687766004076,0
R003742,0.0319863236273496,0
R004819,0.09734753145746244,0
R005126,0.41027449664399374,1
R005467,0.8886584341430451,1
R006127,0.30375809044090096,1
R007327,0.32758629466818767,1
R007726,0.24330554387073683,1
R008181,0.16346926269727688,0
R005025,0.1406848007405015,0
R005499,0.11280879843102501,0
R005520,0.16540967727625394,0
R007319,0.2760823637502364,1
R000627,0.21355627812918382,0
R001538,0.30037732687343704,1
R004513,0.19538535055613881,0
R004550,0.07535481575607754,0
R005435,0.3009844020463019,1
R006624,0.2671832438365264,1
R007004,0.35900961832783185,1
R009346,0.1113820240471057,0
R000540,0.4656580580139499,1
R000842,0.2589568045010449,1
R001993,0.4169749977184196,1
R003081,0.22791384487833857,0
R004180,0.3254172939253368,1
R005083,0.33114164404196456,1
R005833,0.22212781758937863,0
R007623,0.0762186895407118,0
R007953,0.5412077390534448,1
R008342,0.6064145513875263,1
R008793,0.27399477241149517,1
R000324,0.2445086693645663,1
R001328,0.46085182179058776,1
R001339,0.5628965097326732,1
R002348,0.15414132759254257,0
R005151,0.15465745682031895,0
R005284,0.2632623380967513,1
R005882,0.04398423509324972,0
R006591,0.358795194004547,1
R006785,0.28268068308132493,1
R008636,0.24527615018100019,1
R000665,0.11439886208880345,0
R000925,0.19246873906968537,0
R002138,0.3116351631749885,1
R003070,0.572589140330504,1
R005461,0.1307830432824204,0
R005815,0.08989797776527027,0
R007845,0.03961381203137929,0
R008333,0.3361988281998988,1
R009256,0.27826403843527825,1
R000952,0.12610300450442827,0
R001295,0.43936595083124713,1
R001979,0.04229939530760795,0
R002820,0.30234164648241413,1
R003571,0.024317676713916894,0
R003634,0.32240588862389735,1
R006086,0.0808789080290034,0
R007228,0.3516889189158435,1
R007956,0.33022214881493184,1
R000188,0.04554830157861173,0
R000634,0.24014552610889614,1
R002764,0.6295694724364376,1
R003541,0.26035607870837446,1
R007271,0.6204634820718443,1
R008406,0.0604035945513143,0
R004679,0.6307376246970969,1
R005549,0.169084601739992,0
R005685,0.062270585800486854,0
R006970,0.3977368036789333,1
R007286,0.2723112704758805,1
R007490,0.20036759913726712,0
R000748,0.14531870322343676,0
R002647,0.319810127263433,1
R003025,0.1299316919683539,0
R006523,0.1894027465501826,0
R007059,0.034804940280155176,0
R007813,0.293330258496718,1
R009205,0.15734296639936365,0
R001221,0.3538786257294438,1
R001265,0.21203962427936304,0
R002056,0.36524875067770757,1
R003463,0.24127149182186813,1
R004414,0.44020601020610456,1
R005509,0.3427041563301426,1
R006705,0.36287058246312154,1
R008450,0.05150897895170638,0
R009007,0.1573344221642262,0
R009228,0.05803365831137448,0
R001682,0.2153817399606126,0
R004626,0.03131173030408587,0
R004706,0.19631755159149364,0
R004741,0.09219232841848653,0
R004842,0.22812744598145357,0
R002553,0.2664342752234814,1
R004715,0.17104323933007246,0
R006814,0.5726466716402832,1
R007701,0.39545202800690543,1
R001264,0.42461694811541106,1
R001365,0.09636550197498156,0
R003174,0.3346060084370298,1
R003207,0.5786451897850371,1
R003746,0.28297764992591967,1
R003954,0.09218530906693083,0
R004913,0.32409564498285104,1
R005204,0.10438648432264488,0
R005360,0.2555482929341725,1
R006383,0.09721307042784717,0
R007674,0.030614382653108792,0
R001353,0.16382408277508068,0
R002128,0.497257580407531,1
R002612,0.6045177880700323,1
R003525,0.13109762166704633,0
R003951,0.44669326643517804,1
R004471,0.5237639987590469,1
R008092,0.02560563276109295,0
R008315,0.11414025643884564,0
R009106,0.24233438345581593,1
R000905,0.30445288571908874,1
R002824,0.3056647800283259,1
R004164,0.2568913119505654,1
R005186,0.32792945271657026,1
R008176,0.0673726408941601,0
R001017,0.3190881484986308,1
R003803,0.4422866715411558,1
R004158,0.23850035846080372,1
R004403,0.3687304112852574,1
R005344,0.3212812270118346,1
R005427,0.3056237578371539,1
R006015,0.0746333919471704,0
R008286,0.062092934066176234,0
R008289,0.36122470174947624,1
R009282,0.3133526524784144,1
R009451,0.17031807709639818,0
R000248,0.057048329687150234,0
R000337,0.5018189035979665,1
R002888,0.17876257785421137,0
R003706,0.12124098839645461,0
R005283,0.2487348895130926,1
R006085,0.17787113957299758,0
R006092,0.009144583987744325,0
R008194,0.27288099061146615,1
R008377,0.17273590096686361,0
R009474,0.27621762005924183,1
R000160,0.028251302723111524,0
R002413,0.4128900309413716,1
R005473,0.046402443514807316,0
R007108,0.3633378902204139,1
R009257,0.41882787350487916,1
R000780,0.06903794933782563,0
R003624,0.01030499566417995,0
R003728,0.3375593279717546,1
R004120,0.11174954211863339,0
R005092,0.20030916431693443,0
R005484,0.4863556277396521,1
R005796,0.30071285761539807,1
R006699,0.36358223883862867,1
R001807,0.17247089856475836,0
R001916,0.3227536672502957,1
R002890,0.07586514397260365,0
R003574,0.10004876399624708,0
R003926,0.0687645681593618,0
R004097,0.22931748313624603,0
R004274,0.5702550394956137,1
R005970,0.19662184435377103,0
R005995,0.04978967910443052,0
R009944,0.08945363746428465,0
R000449,0.2383170540458149,1
R001686,0.104663908188593,0
R001959,0.3497792624202714,1
R003488,0.06380594701316508,0
R004128,0.37822964939301196,1
R006149,0.12055524553554811,0
R006820,0.173547128735132,0
R008120,0.4570071628948097,1
R009317,0.2425429006368584,1
R000310,0.16223629243656673,0
R001477,0.11021062984268903,0
R002109,0.08709168189368566,0
R003001,0.309846402461426,1
R003484,0.14276314028125986,0
R003990,0.2567263045819576,1
R006992,0.5884032778153654,1
R009090,0.27678129097443394,1
R009171,0.14999326272256605,0
R000577,0.4420488954013216,1
R001023,0.23561772211147916,1
R004690,0.6110988772280398,1
R005004,0.2253610462491665,0
R005139,0.413604082397946,1
R005243,0.312758184621237,1
R005696,0.07927813888808113,0
R006848,0.17263672823922582,0
R000216,0.1769870941658387,0
R002681,0.09348056899692658,0
R003519,0.20250263537829355,0
R006716,0.05954779593321593,0
R009360,0.40113186859650085,1
R000131,0.21809694887377154,0
R003523,0.035940389495222776,0
R003854,0.2885112007679778,1
R005497,0.0743173273338779,0
R006363,0.22504807567737603,0
R007992,0.21734196817547935,0
R009175,0.03415142854869172,0
R000385,0.1303848087761481,0
R000438,0.019857477390508558,0
R003336,0.3023044501439285,1
R004697,0.3467526139700617,1
R005848,0.3550957831395595,1
R005972,0.11450281241386424,0
R008619,0.10661158117615763,0
R001523,0.5273401744265206,1
R003048,0.26688225770376445,1
R003622,0.3891886074205983,1
R004208,0.3657627638024366,1
R005915,0.36615551486818315,1
R006158,0.41768348180791526,1
R009906,0.6045231295961587,1
R001623,0.012963260449143914,0
R002045,0.09008559593518964,0
R002743,0.2339278031286026,1
R004462,0.3747702877109249,1
R005854,0.6291000215826676,1
R006068,0.4515007662730231,1
R008841,0.09029841904690968,0
R008892,0.23830371857109478,1
R008936,0.11068201248625464,0
R000574,0.4174309992255213,1
R002763,0.25499748088069557,1
R003375,0.10822164101250531,0
R003492,0.5430238819090955,1
R003988,0.16574014196199194,0
R004938,0.26851203071105945,1
R005015,0.31255002616194866,1
R005038,0.2897585566631384,1
R009971,0.06917142074556902,0
R009985,0.30786246869594347,1
R000621,0.1963793076334024,0
R000673,0.19549455889378886,0
R002777,0.5220760486643305,1
R003481,0.23902194825010697,1
R003552,0.3987750742705666,1
R004107,0.12637856845841008,0
R006034,0.2954187976663806,1
R006810,0.26896892700771896,1
R007114,0.3310972777136537,1
R008933,0.05709637418976003,0
R009353,0.08839088377302698,0
R009743,0.4485944011054826,1
R000339,0.12723367758600082,0
R005006,0.03722345727394482,0
R006002,0.5944413585840115,1
R007360,0.17412707966246732,0
R008175,0.48142120235300656,1
R008730,0.25372174533891056,1
R009181,0.5045918555949086,1
R009472,0.5824946583892437,1
R009517,0.15051343828697183,0
R000180,0.033451728158266476,0
R001039,0.37407865862857254,1
R001069,0.07211035242530309,0
R004798,0.13716779381084537,0
R004801,0.2407816668026369,1
R005887,0.29867218347021407,1
R006457,0.27402700752043885,1
R006594,0.30592874729489367,1
R006755,0.4767914170402865,1
R008320,0.1737753902171138,0
R009397,0.38493319523453645,1
R009445,0.06548586770537881,0
R000848,0.32038709314766084,1
R000937,0.5342062183055877,1
R002632,0.030521756724285313,0
R003139,0.2458299090516417,1
R005229,0.023668418755803975,0
R007612,0.44173375924992536,1
R007949,0.3103869645833037,1
R009447,0.2131244666310777,0
R009634,0.15215640323184013,0
R000239,0.4211226747379002,1
R000614,0.2994776490511358,1
R001801,0.29518289143361387,1
R002364,0.30381385501849717,1
R002469,0.31628150052000525,1
R004214,0.33962469276493495,1
R005313,0.0865753574039699,0
R005490,0.18230481144262206,0
R005938,0.2316361610182767,1
R006662,0.18407458900248935,0
R007187,0.12328207578302638,0
R007467,0.075946975991216,0
R001364,0.2700064726294123,1
R001999,0.3453543927196872,1
R002015,0.009192083202017835,0
R004470,0.04298898505366776,0
R005521,0.04595996953161965,0
R006966,0.21137485202923323,0
R008481,0.3435448450268636,1
R002487,0.2601701525689468,1
R002919,0.2346939711082566,1
R003811,0.11635636628890877,0
R005669,0.348329004085834,1
R007064,0.12824663152872884,0
R007339,0.1318008169636993,0
R008392,0.256035528740314,1
R008624,0.4056733676231396,1
R002713,0.3365369612700558,1
R007293,0.298170667521931,1
R007440,0.05205312855928493,0
R007833,0.3441851525978269,1
R008214,0.3544319323973711,1
R002540,0.13019631756104497,0
R003253,0.20772310666960248,0
R005403,0.27109105261034805,1
R006735,0.39994162684567486,1
R007137,0.16113127266684407,0
R002969,0.48495798400369905,1
R003370,0.13905394568426793,0
R003451,0.27030802722369696,1
R005751,0.26814083559861546,1
R005752,0.10390618859337585,0
R006090,0.10991585922189517,0
R007394,0.11864045984540021,0
R008273,0.09309615460341264,0
R008861,0.15751022768291353,0
R009586,0.2878367632265784,1
R000502,0.11032757945387761,0
R000537,0.16038101721546144,0
R002797,0.6071427014460896,1
R004143,0.07968600310421906,0
R005959,0.3572725424984888,1
R007574,0.08256281224954164,0
R008786,0.2206153587363827,0
R008904,0.2324801284910949,1
R000364,0.28323995796370566,1
R001273,0.5843903291499815,1
R002589,0.5576228133162962,1
R003586,0.1007239644595885,0
R003880,0.211686618779761,0
R004756,0.6197750445071095,1
R006414,0.10636466369857255,0
R006601,0.5904355593058257,1
R007885,0.18264748513929818,0
R008430,0.3037520649781004,1
R008803,0.18070599627808887,0
R009241,0.1418845371768707,0
R009558,0.2987237386303504,1
R009631,0.293913365313717,1
R000345,0.11812371745448925,0
R001454,0.07382054699282915,0
R003058,0.3038920411627147,1
R003683,0.5706371986643952,1
R004126,0.306972118170258,1
R004484,0.25059562064492147,1
R005029,0.21160559071267468,0
R005214,0.5523779828905685,1
R005829,0.16505699569662763,0
R006096,0.11886020709962469,0
R007652,0.20968362741013455,0
R007722,0.17157039844046837,0
R008631,0.41954650304164476,1
R009632,0.10332423264826564,0
R001577,0.30939296736685623,1
R004686,0.32791095501428613,1
R006116,0.3448540159808458,1
R007797,0.34667438903267705,1
R009701,0.33501934976671244,1
R001809,0.23297035854620832,1
R001853,0.4094399459574,1
R001903,0.058684263623988805,0
R002717,0.11962097816892336,0
R004420,0.2621517131257489,1
R005119,0.6269229259103425,1
R005587,0.25418342232141167,1
R007762,0.19288009854737237,0
R008013,0.076916247658034,0
R008992,0.23604859829476604,1
R009536,0.19714532322621023,0
R009680,0.13337135129208746,0
R000183,0.12792832458866663,0
R000386,0.24173323162404942,1
R001244,0.2812466439852914,1
R002587,0.41058990356652897,1
R005722,0.30898970124924013,1
R007898,0.4305303337623044,1
R008160,0.4348126848995837,1
R008422,0.3689272512756369,1
R008848,0.45449160525877963,1
R009869,0.5143749966007991,1
